                  epoch,         train/box_loss,         train/cls_loss,         train/dfl_loss,   metrics/precision(B),      metrics/recall(B),       metrics/mAP50(B),    metrics/mAP50-95(B),           val/box_loss,           val/cls_loss,           val/dfl_loss,                 lr/pg0,                 lr/pg1,                 lr/pg2
                      1,                 1.6721,                 2.4089,                 1.6298,                0.30216,                 0.2737,                0.23583,                0.11194,                 1.7205,                 2.2269,                 1.7631,             0.00055543,             0.00055543,             0.00055543
                      2,                 1.6476,                   2.04,                 1.6205,                 0.4741,                0.42547,                0.37093,                0.19077,                 1.5009,                 1.6126,                 1.5428,              0.0005611,              0.0005611,              0.0005611
