                  epoch,         train/box_loss,         train/cls_loss,         train/dfl_loss,   metrics/precision(B),      metrics/recall(B),       metrics/mAP50(B),    metrics/mAP50-95(B),           val/box_loss,           val/cls_loss,           val/dfl_loss,                 lr/pg0,                 lr/pg1,                 lr/pg2
                      1,                    nan,                    nan,                    nan,                0.28031,                0.27454,                0.19555,                0.09379,                    nan,                    nan,                    nan,             0.00055376,             0.00055376,             0.00055376
                      2,                    nan,                    nan,                    nan,                0.45804,                0.34783,                 0.3315,                0.15926,                    nan,                    nan,                    nan,             0.00088976,             0.00088976,             0.00088976
                      3,                    nan,                    nan,                    nan,                 0.4251,                0.39625,                0.35375,                0.16998,                    nan,                    nan,                    nan,              0.0010057,              0.0010057,              0.0010057
                      4,                    nan,                    nan,                    nan,                0.56824,                0.46238,                0.50911,                 0.2643,                    nan,                    nan,                    nan,              0.0006768,              0.0006768,              0.0006768
                      5,                    nan,                    nan,                    nan,                0.51942,                0.41993,                0.44915,                0.23809,                    nan,                    nan,                    nan,              0.0006768,              0.0006768,              0.0006768
